## 🧪 Erster Beta-Build (Plan)	-erster-beta-build-plan
### ✅ Play-Vorbereitung: Priorisierte Abhakliste (mit Zeitaufwand)	-play-vorbereitung-priorisierte-abhakliste-mit-zeitaufwand
### `beta` — 🚦 **Nächster Meilenstein**	beta---nächster-meilenstein
## 🛣️ Roadmap	️-roadmap
## 🛠️ Development	️-development
## ❓ FAQ — Häufige Probleme	-faq--häufige-probleme
### Android version of the open-source Moblin IRL streaming app	android-version-of-the-open-source-moblin-irl-streaming-app
### Running Tests & Lint	running-tests--lint
### 💬 Roadmap-Bucket: Multi-Plattform-Chat (Kick, YouTube, SOOP)	-roadmap-bucket-multi-plattform-chat-kick-youtube-soop
### 🎨 Roadmap-Bucket: Color-Spaces + 3D-LUTs	-roadmap-bucket-color-spaces--3d-luts
## 💬 Chat & Moderation	-chat--moderation
### 🔑 Secrets für den ersten Play-Upload vorbereiten (UPLOAD_* + PLAY_JSON_KEY_*)	-secrets-für-den-ersten-play-upload-vorbereiten-upload_--play_json_key_
## 📊 Übersicht	-übersicht
## 💡 Zusatz-Features (über Moblin-Parität hinaus)	-zusatz-features-über-moblin-parität-hinaus
